Index,RollingAccuracy,KSStatistic,PValue
1000,0.875,0.0,1.0
1100,0.884,0.009,0.9999999999993714
1200,0.882,0.005,1.0
1300,0.892,0.009,0.9999999999993714
1400,0.888,0.014,0.9999734060177973
1500,0.888,0.022,0.9690010280430694
1600,0.878,0.013,0.9999962022688547
1700,0.886,0.015,0.9998734489003387
1800,0.884,0.015,0.9998734489003387
1900,0.886,0.021,0.9802627322900355
2000,0.883,0.025,0.9136894237272155
2100,0.873,0.023,0.9542189106778983
2200,0.873,0.024,0.9357699014782725
2300,0.863,0.03,0.7593695685682871
2400,0.869,0.03,0.7593695685682871
2500,0.867,0.032,0.6854967337920594
2600,0.866,0.031,0.7228251828701066
2700,0.867,0.024,0.9357699014782725
2800,0.87,0.019,0.9937026761524456
2900,0.871,0.022,0.9690010280430694
3000,0.868,0.013,0.9999962022688547
3100,0.873,0.011,0.9999999867571524
3200,0.866,0.019,0.9937026761524456
3300,0.869,0.017,0.9987234512860412
3400,0.868,0.017,0.9987234512860412
3500,0.87,0.013,0.9999962022688547
3600,0.879,0.02,0.9883339509983219
3700,0.875,0.019,0.9937026761524456
3800,0.876,0.013,0.9999962022688547
3900,0.869,0.012,0.999999678182
4000,0.872,0.01,0.999999999805234
4100,0.871,0.012,0.999999678182
4200,0.874,0.009,0.9999999999993714
4300,0.88,0.015,0.9998734489003387
4400,0.884,0.017,0.9987234512860412
4500,0.883,0.013,0.9999962022688547
4600,0.877,0.017,0.9987234512860412
4700,0.875,0.029,0.7946637387576738
4800,0.871,0.031,0.7228251828701066
4900,0.872,0.02,0.9883339509983219
5000,0.877,0.019,0.9937026761524456
5100,0.876,0.017,0.9987234512860412
5200,0.872,0.018,0.9969602438295625
5300,0.865,0.016,0.9995502785541052
5400,0.859,0.017,0.9987234512860412
5500,0.853,0.029,0.7946637387576738
5600,0.861,0.033,0.647814872077161
5700,0.859,0.043,0.3136800387320582
5800,0.855,0.039,0.43260886958153144
5900,0.859,0.03,0.7593695685682871
6000,0.86,0.018,0.9969602438295625
6100,0.864,0.021,0.9802627322900355
6200,0.875,0.019,0.9937026761524456
6300,0.88,0.023,0.9542189106778983
6400,0.883,0.023,0.9542189106778983
6500,0.892,0.026,0.8881734182535203
6600,0.895,0.019,0.9937026761524456
6700,0.9,0.024,0.9357699014782725
6800,0.902,0.021,0.9802627322900355
6900,0.901,0.022,0.9690010280430694
7000,0.891,0.022,0.9690010280430694
7100,0.889,0.013,0.9999962022688547
7200,0.879,0.02,0.9883339509983219
7300,0.875,0.021,0.9802627322900355
7400,0.872,0.025,0.9136894237272155
7500,0.871,0.021,0.9802627322900355
7600,0.862,0.018,0.9969602438295625
7700,0.86,0.016,0.9995502785541052
7800,0.86,0.019,0.9937026761524456
7900,0.864,0.016,0.9995502785541052
8000,0.868,0.021,0.9802627322900355
8100,0.87,0.017,0.9987234512860412
8200,0.875,0.022,0.9690010280430694
8300,0.876,0.025,0.9136894237272155
8400,0.882,0.025,0.9136894237272155
8500,0.879,0.026,0.8881734182535203
8600,0.885,0.034,0.6101664688189142
8700,0.887,0.038,0.4659595288557257
8800,0.893,0.035,0.5728904395829821
8900,0.891,0.037,0.5005673707894058
9000,0.893,0.036,0.5362766985932181
9100,0.883,0.035,0.5728904395829821
9200,0.872,0.023,0.9542189106778983
9300,0.872,0.019,0.9937026761524456
9400,0.865,0.013,0.9999962022688547
9500,0.869,0.017,0.9987234512860412
9600,0.867,0.019,0.9937026761524456
9700,0.865,0.015,0.9998734489003387
9800,0.864,0.011,0.9999999867571524
9900,0.863,0.017,0.9987234512860412
10000,0.863,0.022,0.9690010280430694
10100,0.862,0.04,0.4006338815832625
10200,0.848,0.058,0.06917625399020766
10300,0.835,0.086,0.0012207544622917959
10400,0.828,0.122,6.669830320596686e-07
10500,0.809,0.164,3.743099241683002e-12
10600,0.797,0.196,3.289875262334598e-17
10700,0.784,0.222,5.356249099254043e-22
10800,0.767,0.257,2.0264232315663477e-29
10900,0.75,0.289,3.3470758389799365e-37
11000,0.737,0.317,8.321707198856545e-45
11100,0.722,0.324,7.969763456935227e-47
11200,0.728,0.33,1.3591194647620518e-48
11300,0.724,0.333,1.7219581232661912e-49
11400,0.718,0.334,8.609790616330956e-50
11500,0.715,0.324,7.969763456935227e-47
11600,0.714,0.323,1.5586361620357814e-46
11700,0.709,0.328,5.3277331105170406e-48
11800,0.707,0.319,2.2297558063315152e-45
11900,0.714,0.317,8.321707198856545e-45
12000,0.707,0.323,1.5586361620357814e-46
12100,0.712,0.32,1.150351290993759e-45
12200,0.714,0.324,7.969763456935227e-47
12300,0.716,0.325,4.0660830919911046e-47
12400,0.72,0.318,4.312386962685144e-45
12500,0.725,0.324,7.969763456935227e-47
12600,0.719,0.332,3.4361829016674145e-49
12700,0.721,0.331,6.841548019463371e-49
12800,0.717,0.331,6.841548019463371e-49
12900,0.707,0.334,8.609790616330956e-50
13000,0.705,0.334,8.609790616330956e-50
13100,0.72,0.331,6.841548019463371e-49
13200,0.723,0.321,5.921566070217685e-46
13300,0.717,0.317,8.321707198856545e-45
13400,0.727,0.307,5.274648198989292e-42
13500,0.723,0.299,7.847683261668956e-40
13600,0.725,0.287,1.0946236062021009e-36
13700,0.732,0.289,3.3470758389799365e-37
13800,0.736,0.296,4.9396956282970015e-39
13900,0.738,0.3,4.231712281869183e-40
14000,0.741,0.301,2.276862872642912e-40
14100,0.735,0.296,4.9396956282970015e-39
14200,0.733,0.302,1.222371081395849e-40
14300,0.737,0.308,2.7945957201067122e-42
14400,0.725,0.318,4.312386962685144e-45
14500,0.732,0.32,1.150351290993759e-45
14600,0.734,0.325,4.0660830919911046e-47
14700,0.732,0.32,1.150351290993759e-45
14800,0.734,0.317,8.321707198856545e-45
14900,0.731,0.315,3.07827504786285e-44
15000,0.735,0.314,5.900775055305609e-44
15100,0.725,0.323,1.5586361620357814e-46
15200,0.721,0.325,4.0660830919911046e-47
15300,0.72,0.331,6.841548019463371e-49
15400,0.717,0.336,2.1379657348599523e-50
15500,0.714,0.341,6.3151556458138154e-52
15600,0.708,0.343,1.5193815153747912e-52
15700,0.697,0.356,1.1582681881726136e-56
15800,0.692,0.359,1.2295379067920271e-57
15900,0.7,0.349,2.0039174275800013e-54
16000,0.697,0.348,4.146142039578868e-54
16100,0.698,0.346,1.7628312247911467e-53
16200,0.696,0.346,1.7628312247911467e-53
16300,0.7,0.338,5.261321340466556e-51
16400,0.71,0.329,2.6939327692004903e-48
16500,0.701,0.327,1.051297113041104e-47
16600,0.7,0.326,2.0698386780497703e-47
16700,0.706,0.323,1.5586361620357814e-46
16800,0.709,0.324,7.969763456935227e-47
16900,0.711,0.326,2.0698386780497703e-47
17000,0.713,0.325,4.0660830919911046e-47
17100,0.71,0.328,5.3277331105170406e-48
17200,0.697,0.344,7.427333747033019e-53
17300,0.698,0.342,3.1011084728698247e-52
17400,0.689,0.35,9.663335150774673e-55
17500,0.702,0.35,9.663335150774673e-55
17600,0.704,0.356,1.1582681881726136e-56
17700,0.706,0.351,4.64927301850743e-55
17800,0.711,0.346,1.7628312247911467e-53
17900,0.706,0.346,1.7628312247911467e-53
18000,0.699,0.352,2.231788601339735e-55
18100,0.703,0.353,1.0688832325706935e-55
18200,0.724,0.338,5.261321340466556e-51
18300,0.729,0.337,1.0617870216507167e-50
18400,0.736,0.332,3.4361829016674145e-49
18500,0.724,0.337,1.0617870216507167e-50
18600,0.722,0.331,6.841548019463371e-49
18700,0.726,0.326,2.0698386780497703e-47
18800,0.727,0.324,7.969763456935227e-47
18900,0.726,0.334,8.609790616330956e-50
19000,0.731,0.329,2.6939327692004903e-48
19100,0.748,0.316,1.6022936229377296e-44
19200,0.746,0.31,7.79277593568231e-43
19300,0.736,0.306,9.933667429508653e-42
19400,0.73,0.304,3.5000098011524194e-41
19500,0.738,0.301,2.276862872642912e-40
19600,0.737,0.303,6.548081464422891e-41
19700,0.725,0.319,2.2297558063315152e-45
19800,0.718,0.313,1.1286198577396754e-43
19900,0.72,0.311,4.101461018780163e-43
